{
  "project_info": {
    "project_number": "114455949576",
    "firebase_url": "https://tabproject1-65704.firebaseio.com",
    "project_id": "tabproject1-65704",
    "storage_bucket": "tabproject1-65704.appspot.com"
  },
  "client": [
    {
      "client_info": {
        "mobilesdk_app_id": "1:114455949576:android:7253d3e35787d2f9",
        "android_client_info": {
          "package_name": "com.example.carlos.tabproject1"
        }
      },
      "oauth_client": [
        {
          "client_id": "114455949576-lga3303j5rvudbch2cphj1bso6v2sv3j.apps.googleusercontent.com",
          "client_type": 3
        }
      ],
      "api_key": [
        {
          "current_key": "AIzaSyA2xX7T6CRoJXWFqTR3w11YosZICahyZIs"
        }
      ],
      "services": {
        "analytics_service": {
          "status": 1
        },
        "appinvite_service": {
          "status": 1,
          "other_platform_oauth_client": []
        },
        "ads_service": {
          "status": 2
        }
      }
    }
  ],
  "configuration_version": "1"
}